"","120","127","129","136","137","143","150","152","156","158","161","163","164","1641","1645","1646","1651","1652","1654","1656a","1656b","1657","1659","166","1660","1662","1663","1664","1665","1671","1672","1674","1675","1678","168","1680","1685","1686","1689","169","1692","1693","1694","1697","170","171","177","187","189","195","196","197","198","199","2","200","201","202","3","out"
"120",0,0.0581647526410582,0.0758203122566581,0.0465939738565521,0.302825864522869,0.284329623092153,0.330999627379147,0.402549780328909,0.441641845850839,0.456149045990129,0.335333208351132,0.3774135152912,0.42031420143656,0.524854817248314,0.518318733063731,0.689588504268773,0.535777689899019,0.533226209823046,0.512324767041864,0.530687613034137,0.533138363720941,0.560785154302108,0.585372543489112,0.4405069729636,0.477181256707734,0.612857113779771,0.640611436052426,0.633421446162067,0.666402691171197,0.527582797832831,0.537589582057472,0.581052537814855,0.598254542229005,0.63191017230266,0.476760300832712,0.639135565347174,0.747353449294924,0.75252000345511,0.773588522419214,0.493726721469952,0.814386165553299,0.878153768912312,0.968068093525658,1,0.467649650493332,0.463549148453108,0.527148490212198,0.485131416971249,0.496321561526453,0.5797009215038,0.592559894628611,0.609476886456062,0.594426185211843,0.568581098339595,0.962829822748762,0.557724694555177,0.719640386766206,0.729932634528922,0.907982914230116,0.970452680101844
"127",0.0581647526410582,0,0.0349383659212945,0.0195788804083527,0.252627873735782,0.232362922866112,0.276678397714298,0.348353083763316,0.385864076751996,0.400529890454473,0.284109625171627,0.32987124147271,0.370043443593186,0.469891846661524,0.468055806354025,0.632297208661758,0.490650611262635,0.487146411640976,0.466870183200435,0.474674884964822,0.477493465896455,0.511069526850039,0.534980513599176,0.389458570272622,0.421983755479225,0.564929674894128,0.591419101680039,0.581761098865175,0.616177386989869,0.479250011890878,0.489606944615259,0.532983187311791,0.552714530203237,0.590898733808925,0.425408734447519,0.593224959067057,0.697910615065871,0.704353471596845,0.7253180336561,0.441072912100058,0.76552944961376,0.829334460440509,0.919979227729886,0.954243109415981,0.414579811691788,0.409211553604576,0.473541977192318,0.429043695161143,0.440235766822565,0.523925748713593,0.537025917307444,0.554279383749584,0.539769924652586,0.513638152012559,0.910451286970424,0.504035072576886,0.671473891047994,0.685056818412097,0.854753968180381,0.917533278316516
"129",0.0758203122566581,0.0349383659212945,0,0.0306133221690501,0.227027178961203,0.208593355641848,0.255947977440623,0.327331129978211,0.367461258937575,0.381799486479455,0.259515126191594,0.302166558837517,0.34454444312528,0.449941168472979,0.44257054770191,0.617360443929057,0.461539468606253,0.458594639701799,0.43793208839105,0.456631813350988,0.458725721299732,0.48512341690738,0.509620041137379,0.364690238307412,0.402467644161621,0.537627195556604,0.565066813942173,0.557600978692084,0.590681403811353,0.452209329497349,0.462315911017118,0.505770917810966,0.52387502673244,0.559850762145022,0.40093973759283,0.56462209305369,0.671775629647469,0.677256742373545,0.698299859545015,0.417996302879883,0.738949618054984,0.802735325091282,0.892862268933782,0.925642837430768,0.392005797214814,0.388340100360968,0.451621200946872,0.411211779201033,0.422385069996236,0.505365415108293,0.518006039401587,0.534661371329958,0.519294162090987,0.493625388902561,0.887028126245135,0.482211224547251,0.644370077625831,0.655895340289067,0.83229261367419,0.894706784222884
"136",0.0465939738565521,0.0195788804083527,0.0306133221690501,0,0.257064391779684,0.238090677013827,0.28442699635614,0.355997286471739,0.39508211097729,0.409573588612527,0.289315569533679,0.332649022343515,0.374628595727134,0.478263272123609,0.472682268303199,0.643472363676083,0.492150096867085,0.489181087469058,0.468537089769218,0.484149491924621,0.486560699736382,0.51534504355734,0.539717337418942,0.394600128341929,0.430587400083363,0.568092016113495,0.595380222278296,0.587401849550508,0.620822550306922,0.482625549165943,0.492770904590357,0.536219790922767,0.55447878016726,0.590313398058965,0.430783560112831,0.59521591896574,0.70205890179952,0.707703211815897,0.728736143140565,0.447435162172795,0.769318710060219,0.833111418174327,0.92332178205303,0.95624286093507,0.42126905458762,0.416990702770617,0.480686686532217,0.438609244200551,0.449797869553203,0.53313187807101,0.545973534885823,0.562882719385217,0.547850993679424,0.521990961684899,0.916661239359557,0.511253988509689,0.674815393759064,0.686508376418207,0.861620903984528,0.924158487657733
"137",0.302825864522869,0.252627873735782,0.227027178961203,0.257064391779684,0,0.0257886660170371,0.0541173241023729,0.110210257114003,0.158688233464913,0.170521013164546,0.0337170093548628,0.0804530663392839,0.117570673458871,0.23144694938675,0.215632136915249,0.412119099021141,0.242660739286144,0.237492569899958,0.218605751150922,0.244432121780065,0.243847500221836,0.258469178393858,0.282656573662279,0.137746179056759,0.186969700099554,0.312781581355982,0.338793863173646,0.330748037608824,0.363784498958253,0.227003637021043,0.237589102820544,0.280799115623387,0.303326221297124,0.350435558237545,0.174090889293475,0.343036335195398,0.445298106518858,0.451936619449976,0.4728507625884,0.192584956827671,0.512916039890273,0.576719519720328,0.66750708194219,0.703291510707015,0.167781533656396,0.168721997464948,0.228010963003315,0.201945634788089,0.212432799210443,0.289942693377127,0.300883589976305,0.315550629255459,0.298171028751808,0.274070441331881,0.66039915000171,0.258491854666489,0.419077753920772,0.435846243911334,0.606501490250271,0.66851295844935
"143",0.284329623092153,0.232362922866112,0.208593355641848,0.238090677013827,0.0257886660170371,0,0.0534298194362371,0.12078725941087,0.165964670968838,0.179040644546846,0.0520210773023681,0.105309725732827,0.138342330676604,0.243782086834793,0.236035593658572,0.420201017646607,0.266946070492692,0.261308452878311,0.242899265396355,0.254048740757757,0.254572349733137,0.279358231626334,0.3028047754315,0.157162975970904,0.197569417417175,0.335016995461193,0.359973661624313,0.34947046864888,0.38401389893341,0.249296160672346,0.260110093065038,0.30304871242357,0.327065638500893,0.375609160246748,0.193045977745312,0.366414968432208,0.466113714550659,0.473671084208655,0.494482430892067,0.209403832653251,0.534093675539195,0.597861016926859,0.689038853224501,0.726025916929508,0.183497351607772,0.181322578016122,0.243337623882045,0.21001985963654,0.220888498784996,0.301132506152054,0.312851170335679,0.328479921951978,0.312085956021372,0.287100430140778,0.678572602269082,0.27393825354594,0.440871132511895,0.459436232211296,0.623704546611367,0.686124058389488
"150",0.330999627379147,0.276678397714298,0.255947977440623,0.28442699635614,0.0541173241023729,0.0534298194362371,0,0.0716747298080272,0.113361953293184,0.126964682382424,0.0395225028821676,0.0950746199575973,0.107054420688886,0.194000874036821,0.199460027345624,0.367302026329879,0.243686675584066,0.23577518271335,0.220244563365853,0.20214929576982,0.203390323372821,0.24324278396026,0.264490866867589,0.120933232077992,0.146725572582069,0.302131438548175,0.323685572696969,0.307627057849437,0.345127996432075,0.217969398859509,0.229342363534061,0.270618448186399,0.300065350466984,0.35678818370005,0.154188641514118,0.337387437727,0.428162259901903,0.438170752022605,0.458583096186185,0.165934587330784,0.496780401858481,0.560238686889806,0.652225683273453,0.692838801916431,0.138858165587547,0.132595909091818,0.197000043668399,0.157515893849443,0.168514395922751,0.250072039294863,0.262345031653025,0.278748175471155,0.263426787405411,0.237677414870161,0.634537437265533,0.227425619067519,0.40572729238998,0.430563863988756,0.578224394806784,0.641162946466059
"152",0.402549780328909,0.348353083763316,0.327331129978211,0.355997286471739,0.110210257114003,0.12078725941087,0.0716747298080272,0,0.0505840906479743,0.0607308702847117,0.0777473560619752,0.090576295311101,0.0628974196061449,0.123060550356142,0.135439333083657,0.301971986442784,0.193519671802025,0.183178692213344,0.172192134887654,0.134245891939116,0.134037489712125,0.178452525660661,0.197342922364275,0.0641522843330433,0.0770111081001148,0.239351941819637,0.257542271185258,0.237637862603604,0.276820871023787,0.159189641428625,0.170736088355039,0.208916899667087,0.243470824193252,0.308084570376315,0.0896958967100797,0.2778647297264,0.360089596968526,0.371828374821193,0.391841210768131,0.0961887322469046,0.428896140689087,0.491985510555085,0.584307271067958,0.627371020470914,0.0687727475466832,0.0610097001842931,0.125478983886291,0.0921677190639632,0.102414045358603,0.180465889855097,0.192064750275219,0.207824116519212,0.191971810023454,0.166538694955128,0.563209207552048,0.155821560883978,0.339853184671025,0.370017489275872,0.506626679687256,0.569633405592968
"156",0.441641845850839,0.385864076751996,0.367461258937575,0.39508211097729,0.158688233464913,0.165964670968838,0.113361953293184,0.0505840906479743,0,0.0151214832076828,0.127370073183756,0.137847224697941,0.0982112572698861,0.0861755671398658,0.134000750486893,0.254261115068108,0.206253640549124,0.193936439309941,0.18844128099061,0.0891903667775394,0.0916501488626147,0.17203580462972,0.184929465273362,0.0876579571185111,0.0385983225306209,0.233631448961554,0.245114736991911,0.215888111790375,0.259055775849995,0.163991553347079,0.174885041643379,0.206207299765971,0.246461018897674,0.317897578663275,0.0943870363406847,0.275830365740013,0.341499701286253,0.35678641434626,0.375752935628687,0.0853424231106608,0.409997103551445,0.471758677132235,0.564311387361591,0.611930027365958,0.0633815745037804,0.0398250451410644,0.10021280095359,0.0441545993807533,0.0551900686227939,0.138081041738795,0.151223514566394,0.168941666598905,0.156239379745024,0.12929201626567,0.532595210120997,0.127454590867814,0.326190701029552,0.364570814243752,0.473947526184605,0.53749910299898
"158",0.456149045990129,0.400529890454473,0.381799486479455,0.409573588612527,0.170521013164546,0.179040644546846,0.126964682382424,0.0607308702847117,0.0151214832076828,0,0.138439272467026,0.143571051081471,0.0999375612552347,0.0710538223443511,0.123830038628072,0.241675409743093,0.198557740019182,0.185853917610601,0.18190107724389,0.0751844256248599,0.0769921819495008,0.160234145107378,0.171910682282837,0.086267654225253,0.023675314788156,0.221530448849804,0.231809856349519,0.201437865260984,0.244966017081954,0.154796459297843,0.165383388556483,0.194869129171149,0.236081630477421,0.308769307144361,0.0870982121139085,0.264253205477075,0.327186995043091,0.342877073237505,0.361691237473005,0.0743950121063166,0.395591730857002,0.457189975756939,0.549728168922092,0.597793696537863,0.0555627217439049,0.0303477061464109,0.0859593260766246,0.0314575216261972,0.0419650313535128,0.12357489340059,0.136496037202606,0.154022167322818,0.141135437392542,0.114216951671557,0.517475881397925,0.112644446427214,0.312509995317618,0.352110781110859,0.458834314293325,0.522381630015482
"161",0.335333208351132,0.284109625171627,0.259515126191594,0.289315569533679,0.0337170093548628,0.0520210773023681,0.0395225028821676,0.0777473560619752,0.127370073183756,0.138439272467026,0,0.0592516760644164,0.0863250924997358,0.197913058283721,0.184060426290714,0.379612291720481,0.21708892907149,0.210741662949595,0.193137338614843,0.211598801618561,0.210664566725206,0.227341793645144,0.250897760018711,0.105364743229057,0.153955309016945,0.283170457265346,0.307952366508364,0.298097733054976,0.332105270182052,0.197520707931036,0.208429943027449,0.251220960601539,0.276287526141178,0.327766796680198,0.141469566534713,0.315226324095519,0.414115780843041,0.421681945036166,0.442479804805876,0.159132358762168,0.482073659395979,0.54584290503387,0.63702330324766,0.674304556540776,0.134114709859083,0.135223190552728,0.194333508996678,0.169892903194151,0.180157629774515,0.256586611823292,0.267363255078241,0.281894132899863,0.264457046850512,0.240416403657221,0.627548617079818,0.224835405149718,0.388893418612981,0.408385472656006,0.573284927183821,0.635440309483452
"163",0.3774135152912,0.32987124147271,0.302166558837517,0.332649022343515,0.0804530663392839,0.105309725732827,0.0950746199575973,0.090576295311101,0.137847224697941,0.143571051081471,0.0592516760644164,0,0.0527076902092636,0.185430580781802,0.144234238176064,0.372747343231911,0.162364018374399,0.157701102035588,0.138323779910676,0.206472619481571,0.202317512108414,0.184800011408939,0.210582467572284,0.0752949645964555,0.150740102162334,0.23546682400865,0.263608821760534,0.261809560146195,0.290649724664406,0.150229180780555,0.160177205348303,0.203639800456048,0.223510946229635,0.270340251218283,0.109507556248011,0.26363607345629,0.370385111614369,0.375115939754437,0.39617733049612,0.134144394834953,0.437043245469292,0.50078453481633,0.590701238910515,0.624482186011165,0.115705191557462,0.127846257177493,0.172322134664049,0.172559115050222,0.180758930136432,0.244587615397485,0.252670593324087,0.263878627810373,0.244010235296477,0.22356157820928,0.590754380982923,0.200978021948949,0.342233136776252,0.356080332817585,0.539398183855852,0.600184100444791
"164",0.42031420143656,0.370043443593186,0.34454444312528,0.374628595727134,0.117570673458871,0.138342330676604,0.107054420688886,0.0628974196061449,0.0982112572698861,0.0999375612552347,0.0863250924997358,0.0527076902092636,0,0.133335876514393,0.0980625738901992,0.320726714150425,0.13726326694562,0.128834717879466,0.114325390754998,0.15583418413883,0.15088637090657,0.141083416192292,0.165088751979075,0.0226648736069073,0.102298751787263,0.197179288070227,0.221641599231104,0.213882296515139,0.246216991126432,0.111863209022194,0.123028720143716,0.165305309746243,0.19304195938842,0.251322162129911,0.0582077254917557,0.230761385625038,0.327914268805996,0.335381830009895,0.35616310271635,0.0815683852152372,0.39577687663729,0.459556298090037,0.550698217043204,0.588432092292099,0.0635571723974501,0.078821850801258,0.119668713818626,0.125851112966861,0.13279122266589,0.192220828393431,0.200042441951239,0.211179441396545,0.191397189185119,0.170873421898813,0.543627686060654,0.148595883704429,0.302611111366732,0.324014771672022,0.490778508099494,0.552264251942877
"1641",0.524854817248314,0.469891846661524,0.449941168472979,0.478263272123609,0.23144694938675,0.243782086834793,0.194000874036821,0.123060550356142,0.0861755671398658,0.0710538223443511,0.197913058283721,0.185430580781802,0.133335876514393,0,0.0958842779996375,0.187394786606858,0.176116032220099,0.162295232963502,0.167130963014698,0.030648921812568,0.0205728576962543,0.115915316452903,0.117912188963937,0.111723654216302,0.0481657373610843,0.171470509295367,0.17353009917674,0.13565441607064,0.181159930915205,0.128020682175245,0.135516434656348,0.15103312864485,0.196039892695424,0.273379501105377,0.0868464977340339,0.216055199941081,0.261284925091765,0.279363697004951,0.297156103797407,0.0589457295400069,0.328880633333191,0.389397734700906,0.481743230448846,0.53221979733299,0.0697958052793643,0.0627339554138448,0.0325991965037029,0.0508835856880498,0.0428063541109626,0.0594659205043889,0.0694512435051729,0.0847861289493946,0.0702351300575252,0.0437468828791988,0.446441177808093,0.0460243881364734,0.250622605635638,0.297103154440684,0.387816552040578,0.451342683636946
"1645",0.518318733063731,0.468055806354025,0.44257054770191,0.472682268303199,0.215632136915249,0.236035593658572,0.199460027345624,0.135439333083657,0.134000750486893,0.123830038628072,0.184060426290714,0.144234238176064,0.0980625738901992,0.0958842779996375,0,0.261603416631822,0.0805431940198142,0.066789974461157,0.0718879257692018,0.126533086413431,0.115983607366445,0.0437901408473425,0.0670551047284516,0.0792221205936408,0.106292285328644,0.10391353592105,0.124419032906117,0.117648508107898,0.148154916374039,0.0327942919227596,0.0421423424060738,0.0738088638731671,0.112460144369949,0.185371208168958,0.0458530101591948,0.143381702113055,0.230097220961012,0.238796928907522,0.259328038468856,0.0496524886463571,0.298254973154214,0.361963504798258,0.453478681082171,0.493434866479694,0.0716455466165359,0.0942637727814416,0.0642546733535406,0.127777080625113,0.126483692102139,0.137693330409019,0.138524318604989,0.141558645283904,0.119604298189938,0.110343566256037,0.446653773139652,0.0774606152050457,0.206282865064771,0.234753900769564,0.395248961361302,0.455951649098854
"1646",0.689588504268773,0.632297208661758,0.617360443929057,0.643472363676083,0.412119099021141,0.420201017646607,0.367302026329879,0.301971986442784,0.254261115068108,0.241675409743093,0.379612291720481,0.372747343231911,0.320726714150425,0.187394786606858,0.261603416631822,0,0.328204483206643,0.315688443828834,0.329381850879277,0.168279304200791,0.170785331475967,0.253063544266611,0.234097854260168,0.298965947262131,0.226042781369319,0.274860894285726,0.250680834640471,0.198954371030462,0.230602720641239,0.285595645940179,0.287381262485149,0.275735206385234,0.315410001169002,0.3875036844253,0.270882228262169,0.311042570561111,0.268816157287246,0.297862685524024,0.305195498049828,0.242954148656865,0.314601842670062,0.355924124535581,0.436433991582463,0.502917640963825,0.257190062348105,0.246832219161469,0.205979291657621,0.210361482588891,0.199717547070559,0.129010779446689,0.124002886451096,0.120664617304533,0.142505520328924,0.153545695387354,0.350597390923991,0.184376802979714,0.285587152754527,0.351795643946287,0.286933494163286,0.346760207293514
"1651",0.535777689899019,0.490650611262635,0.461539468606253,0.492150096867085,0.242660739286144,0.266946070492692,0.243686675584066,0.193519671802025,0.206253640549124,0.198557740019182,0.21708892907149,0.162364018374399,0.13726326694562,0.176116032220099,0.0805431940198142,0.328204483206643,0,0.0138272927246057,0.0240557488830367,0.206721677891081,0.195911682719921,0.0752256278903639,0.0975724608115244,0.129400790221821,0.184022979263084,0.0876382938758521,0.122916484886566,0.148272397430658,0.155577070674522,0.0481001807210402,0.0420671151554292,0.0629739688707354,0.0626082653612864,0.114619002868386,0.111873345162885,0.103734670980628,0.223493529323973,0.22186590627965,0.242941211845466,0.127535365728899,0.285415808560985,0.348045058010821,0.435005166491984,0.464222458069189,0.143188854839189,0.16821067371415,0.143934715154009,0.206889546434812,0.206448577625215,0.212186466953383,0.209996025661391,0.208152501740632,0.186897179011191,0.184547218066768,0.453101401266721,0.150626017231188,0.189773064367673,0.194414954532409,0.409637643569695,0.465720492705302
"1652",0.533226209823046,0.487146411640976,0.458594639701799,0.489181087469058,0.237492569899958,0.261308452878311,0.23577518271335,0.183178692213344,0.193936439309941,0.185853917610601,0.210741662949595,0.157701102035588,0.128834717879466,0.162295232963502,0.066789974461157,0.315688443828834,0.0138272927246057,0,0.0223622546302267,0.192897617564558,0.182084394020804,0.0632210508592271,0.087012772588518,0.119305254964536,0.170836460416352,0.084108335214802,0.118110578539562,0.139176995296576,0.150072748189518,0.034275804283704,0.0286562682221595,0.056203928482322,0.0658405828714024,0.125171336230038,0.0995964160524735,0.106080917043084,0.221279747989717,0.221501288518349,0.242647548383339,0.114199319957346,0.284750152616014,0.347854120555112,0.435885632269073,0.46712833495298,0.130681409203393,0.155527665886582,0.130107503703963,0.193493951453587,0.192882210715501,0.198701817073556,0.19677388093852,0.195398153114888,0.174000991817542,0.171045671053378,0.449699003130062,0.137121514913367,0.188996928164213,0.198402687644586,0.404821558331054,0.46179324590961
"1654",0.512324767041864,0.466870183200435,0.43793208839105,0.468537089769218,0.218605751150922,0.242899265396355,0.220244563365853,0.172192134887654,0.18844128099061,0.18190107724389,0.193137338614843,0.138323779910676,0.114325390754998,0.167130963014698,0.0718879257692018,0.329381850879277,0.0240557488830367,0.0223622546302267,0,0.197711698811733,0.18746656694033,0.080207016611307,0.105838967994485,0.108100317274743,0.169294380753677,0.106470571717038,0.140343150189159,0.159182297356266,0.172104645954185,0.0437861787675239,0.043768536784388,0.078164843336707,0.0859463272152484,0.136997530023584,0.0948306549177092,0.12684154481279,0.243613530129967,0.24350588315388,0.264639951809959,0.11415995682445,0.306850350277952,0.369841582785253,0.457518025504391,0.487724743710625,0.126355053257492,0.151685996595012,0.136044216016573,0.193083969527603,0.193766958970675,0.20869906143521,0.208237688550706,0.208721905308529,0.186952483295386,0.181107337542766,0.472034017272174,0.147471257553838,0.21109273591008,0.218200841745615,0.426924109299011,0.484068139559141
"1656a",0.530687613034137,0.474674884964822,0.456631813350988,0.484149491924621,0.244432121780065,0.254048740757757,0.20214929576982,0.134245891939116,0.0891903667775394,0.0751844256248599,0.211598801618561,0.206472619481571,0.15583418413883,0.030648921812568,0.126533086413431,0.168279304200791,0.206721677891081,0.192897617564558,0.197711698811733,0,0.0116529459047992,0.144873375885291,0.144136690618172,0.135494818043688,0.0577707539176732,0.198013596517228,0.196582795496554,0.154000111499432,0.200356930579307,0.158621892231368,0.165957874225913,0.179520478269727,0.224806062783701,0.302494013023363,0.11474820006776,0.242664117954128,0.277493813640189,0.297652335779697,0.314420613629757,0.0876364348352245,0.343691032279327,0.402528398747823,0.494286176730117,0.547505210497744,0.0931443764177944,0.0790102246064129,0.0629249644017883,0.0456579273466219,0.034482103887329,0.049747409188431,0.0640114614536338,0.0833272247916903,0.0761698546082638,0.0500341659780058,0.450601914227876,0.0689091514008994,0.27042101105716,0.320483961685144,0.390314251811409,0.454054348068711
"1656b",0.533138363720941,0.477493465896455,0.458725721299732,0.486560699736382,0.243847500221836,0.254572349733137,0.203390323372821,0.134037489712125,0.0916501488626147,0.0769921819495008,0.210664566725206,0.202317512108414,0.15088637090657,0.0205728576962543,0.115983607366445,0.170785331475967,0.195911682719921,0.182084394020804,0.18746656694033,0.0116529459047992,0,0.133317614265698,0.13251060095403,0.129873264386907,0.057034182200273,0.186384746773855,0.185300570297182,0.143467684303649,0.189734924571037,0.147821913146298,0.154923949383743,0.167903615115394,0.213206309314005,0.290927551344129,0.106854662258175,0.231037759365664,0.26759643537561,0.287302313407875,0.304306631077805,0.0791884444334553,0.334178333420082,0.393477998952396,0.48542860837982,0.537949016837758,0.0875178953655372,0.0762263121172628,0.0519786956256634,0.0499920514805022,0.0393363236443527,0.0466842365404928,0.0595847668645663,0.0777940953877059,0.0681264044672733,0.0411761643250201,0.44421404742118,0.0573991989718031,0.259743329829224,0.309208161735367,0.384434030971053,0.448140753024787
"1657",0.560785154302108,0.511069526850039,0.48512341690738,0.51534504355734,0.258469178393858,0.279358231626334,0.24324278396026,0.178452525660661,0.17203580462972,0.160234145107378,0.227341793645144,0.184800011408939,0.141083416192292,0.115915316452903,0.0437901408473425,0.253063544266611,0.0752256278903639,0.0632210508592271,0.080207016611307,0.144873375885291,0.133317614265698,0,0.0272884251274075,0.122916637592539,0.139877472415194,0.0617833777219386,0.0807146779756051,0.081575370927234,0.105872843651181,0.0397985114715123,0.0364407565767963,0.0354951428536685,0.0801265888366976,0.157623335350683,0.0893546088119306,0.104051375952899,0.186843807623443,0.195016619526458,0.215579419856387,0.086909267018145,0.254744831024996,0.318503593680017,0.409847111377934,0.449701333546513,0.112342341664854,0.132407796616201,0.0839847146589066,0.157903937041549,0.15406447170362,0.140705036561975,0.136745532633743,0.133383383667191,0.112517009036366,0.113585625040076,0.40649829720754,0.080484908245092,0.162492798843611,0.193061743471017,0.356978751558653,0.416630292489677
"1659",0.585372543489112,0.534980513599176,0.509620041137379,0.539717337418942,0.282656573662279,0.3028047754315,0.264490866867589,0.197342922364275,0.184929465273362,0.171910682282837,0.250897760018711,0.210582467572284,0.165088751979075,0.117912188963937,0.0670551047284516,0.234097854260168,0.0975724608115244,0.087012772588518,0.105838967994485,0.144136690618172,0.13251060095403,0.0272884251274075,0,0.145680863795298,0.149873307911597,0.0538788434200708,0.0605727342027365,0.0543293813013819,0.0812093115830858,0.0669976990304975,0.0625078113729329,0.0420384394045317,0.0855373345141967,0.162970487352762,0.110465054399926,0.0985273961626489,0.163753251801846,0.174495605408829,0.194522363532076,0.102269859356783,0.232293523609,0.295814830343387,0.38773493181946,0.430123154431574,0.129264507692729,0.14634705231998,0.0888931119232358,0.164703739284677,0.159162407575207,0.130622046910257,0.124001441533291,0.117101490335654,0.0979776370184373,0.10525783978025,0.380226759825148,0.0756269480427906,0.142702563656649,0.180779564589372,0.330064306037145,0.390029841058472
"166",0.4405069729636,0.389458570272622,0.364690238307412,0.394600128341929,0.137746179056759,0.157162975970904,0.120933232077992,0.0641522843330433,0.0876579571185111,0.086267654225253,0.105364743229057,0.0752949645964555,0.0226648736069073,0.111723654216302,0.0792221205936408,0.298965947262131,0.129400790221821,0.119305254964536,0.108100317274743,0.135494818043688,0.129873264386907,0.122916637592539,0.145680863795298,0,0.0845039014003752,0.18119869311752,0.20361667632684,0.193007385435142,0.226879248975996,0.0975641891239165,0.10906241099855,0.149716566373953,0.181056966496327,0.244000119835475,0.0364302766167811,0.217112762306109,0.309218657645751,0.317900381641009,0.338494951167586,0.0589045386594616,0.377462287474289,0.441151218371752,0.532701042832037,0.572070433621007,0.0423987749700878,0.0611906049082812,0.0970313110483189,0.109002686356378,0.114835057952739,0.170216260085795,0.177706926210955,0.188592976627883,0.168744750764529,0.148429688531314,0.522705747464951,0.125943333152028,0.285295925282163,0.310082678181623,0.469301418644118,0.531030498989925
"1660",0.477181256707734,0.421983755479225,0.402467644161621,0.430587400083363,0.186969700099554,0.197569417417175,0.146725572582069,0.0770111081001148,0.0385983225306209,0.023675314788156,0.153955309016945,0.150740102162334,0.102298751787263,0.0481657373610843,0.106292285328644,0.226042781369319,0.184022979263084,0.170836460416352,0.169294380753677,0.0577707539176732,0.057034182200273,0.139877472415194,0.149873307911597,0.0845039014003752,0,0.200542708159463,0.209332177931943,0.177903054989574,0.221690925377842,0.138379018301009,0.148389069286572,0.174997708033385,0.217396185647469,0.291631597840878,0.0754808997327937,0.243858536462867,0.303721668789851,0.319729542573216,0.338410193332231,0.0568437394144573,0.372060980486955,0.433572479037734,0.526102991760176,0.574432766284808,0.0456140237385646,0.0235045687005574,0.0627066217748163,0.0250158934515763,0.0305015366321055,0.103567336482484,0.115619461021841,0.132316962716461,0.118399943019152,0.0917883395397335,0.49424734043371,0.0889698905088025,0.289584777242286,0.330501517422487,0.435881331690814,0.499364887269816
"1662",0.612857113779771,0.564929674894128,0.537627195556604,0.568092016113495,0.312781581355982,0.335016995461193,0.302131438548175,0.239351941819637,0.233631448961554,0.221530448849804,0.283170457265346,0.23546682400865,0.197179288070227,0.171470509295367,0.10391353592105,0.274860894285726,0.0876382938758521,0.084108335214802,0.106470571717038,0.198013596517228,0.186384746773855,0.0617833777219386,0.0538788434200708,0.18119869311752,0.200542708159463,0,0.0360817837019251,0.0769218089130513,0.0692578032202996,0.0857812627686961,0.0753342462689819,0.0319841975092235,0.0423290043653511,0.113549648573415,0.149725745055168,0.0446570712987576,0.13733671759643,0.139668723784606,0.160759511414765,0.148662235888047,0.202076718413475,0.265641475845417,0.355235390668485,0.391255432019177,0.174048096610407,0.194103133155438,0.141488361809682,0.217048642018396,0.212110679178366,0.182294203648324,0.174124933017328,0.164268107121352,0.147442775367411,0.158056236484361,0.365743321445328,0.129447194252267,0.106800673823343,0.131290870940622,0.322072971317049,0.378141086290743
"1663",0.640611436052426,0.591419101680039,0.565066813942173,0.595380222278296,0.338793863173646,0.359973661624313,0.323685572696969,0.257542271185258,0.245114736991911,0.231809856349519,0.307952366508364,0.263608821760534,0.221641599231104,0.17353009917674,0.124419032906117,0.250680834640471,0.122916484886566,0.118110578539562,0.140343150189159,0.196582795496554,0.185300570297182,0.0807146779756051,0.0605727342027365,0.20361667632684,0.209332177931943,0.0360817837019251,0,0.0528616702231255,0.0331800305624632,0.113650130590705,0.104642655663847,0.0625123939058844,0.0762315978282063,0.13801874879519,0.16952671060596,0.0604628797263208,0.106782730250477,0.114504574239799,0.134922871442567,0.162831706682924,0.174146894491644,0.237940931661081,0.329138893668494,0.369832415739596,0.189747740934842,0.206813883410656,0.147213484680209,0.222486144654544,0.21596376969091,0.172199766020201,0.161650531222985,0.148400950598898,0.13513429243476,0.151319018302557,0.331946189151697,0.128227776512376,0.0823113784735608,0.123907591091922,0.28683898715086,0.343740286455028
"1664",0.633421446162067,0.581761098865175,0.557600978692084,0.587401849550508,0.330748037608824,0.34947046864888,0.307627057849437,0.237637862603604,0.215888111790375,0.201437865260984,0.298097733054976,0.261809560146195,0.213882296515139,0.13565441607064,0.117648508107898,0.198954371030462,0.148272397430658,0.139176995296576,0.159182297356266,0.154000111499432,0.143467684303649,0.081575370927234,0.0543293813013819,0.193007385435142,0.177903054989574,0.0769218089130513,0.0528616702231255,0,0.0464216258578487,0.121327008022592,0.116472023528158,0.0864127495369427,0.118836830125324,0.188567218877214,0.15667299840767,0.112450851611228,0.125925805710672,0.143942496155129,0.161502384796923,0.141730804521773,0.194158602912359,0.255964061518817,0.348528384161188,0.396857263199474,0.169003471956497,0.180779411387731,0.115737453190675,0.186440355651295,0.178318692608758,0.122995785675728,0.111156790152243,0.0964429244185264,0.085416676808682,0.10546414382673,0.329755878349702,0.0899030155435988,0.116509863725772,0.170960231781397,0.277605059189406,0.338527741294769
"1665",0.666402691171197,0.616177386989869,0.590681403811353,0.620822550306922,0.363784498958253,0.38401389893341,0.345127996432075,0.276820871023787,0.259055775849995,0.244966017081954,0.332105270182052,0.290649724664406,0.246216991126432,0.181159930915205,0.148154916374039,0.230602720641239,0.155577070674522,0.150072748189518,0.172104645954185,0.200356930579307,0.189734924571037,0.105872843651181,0.0812093115830858,0.226879248975996,0.221690925377842,0.0692578032202996,0.0331800305624632,0.0464216258578487,0,0.142249290588109,0.134253036517618,0.0939394718949189,0.108775816826258,0.164733348054589,0.191466422749447,0.0868594267084129,0.0832751838712414,0.0982733946942907,0.116726246034412,0.180738597752299,0.15209829174717,0.215218720298131,0.30748648915633,0.352875384245994,0.208134593670376,0.22245847952685,0.15901902371269,0.231701675325571,0.223945243964413,0.168578732082887,0.156057626590746,0.139857705603182,0.131046428991301,0.151866195657671,0.301632190532854,0.135163451620133,0.0700910036817973,0.126867980423294,0.25484047018578,0.312697666991746
"1671",0.527582797832831,0.479250011890878,0.452209329497349,0.482625549165943,0.227003637021043,0.249296160672346,0.217969398859509,0.159189641428625,0.163991553347079,0.154796459297843,0.197520707931036,0.150229180780555,0.111863209022194,0.128020682175245,0.0327942919227596,0.285595645940179,0.0481001807210402,0.034275804283704,0.0437861787675239,0.158621892231368,0.147821913146298,0.0397985114715123,0.0669976990304975,0.0975641891239165,0.138379018301009,0.0857812627686961,0.113650130590705,0.121327008022592,0.142249290588109,0,0.0115544177296732,0.0537972055028186,0.0843565995917619,0.153999984331555,0.0710875048389632,0.119556548013416,0.220316263460853,0.225122743983933,0.24612548654208,0.0815354661475673,0.286819650447952,0.350573779573669,0.440760442612747,0.476784520402778,0.100699684675339,0.124719533675257,0.0958498564284418,0.160358163221414,0.159256741448483,0.165759873084407,0.164740851677865,0.164936440333006,0.14317745303823,0.138100005974158,0.443841664583272,0.104272430127712,0.192237101169486,0.212620701838619,0.395531594149039,0.454550776095025
"1672",0.537589582057472,0.489606944615259,0.462315911017118,0.492770904590357,0.237589102820544,0.260110093065038,0.229342363534061,0.170736088355039,0.174885041643379,0.165383388556483,0.208429943027449,0.160177205348303,0.123028720143716,0.135516434656348,0.0421423424060738,0.287381262485149,0.0420671151554292,0.0286562682221595,0.043768536784388,0.165957874225913,0.154923949383743,0.0364407565767963,0.0625078113729329,0.10906241099855,0.148389069286572,0.0753342462689819,0.104642655663847,0.116472023528158,0.134253036517618,0.0115544177296732,0,0.0434628348678771,0.072857447768396,0.143429226816196,0.0824495213057245,0.108097421932152,0.21096889354187,0.214942999321742,0.236000146999155,0.0916275012368049,0.276986744952425,0.340679656410095,0.430550879978544,0.465916027705841,0.111709364130731,0.135446009598857,0.103032944747583,0.169871396844505,0.168305157939123,0.170124193476699,0.16811864456051,0.166947381830903,0.14546545929297,0.142481469424717,0.435838664799628,0.108559425634725,0.182058169420287,0.201222277493306,0.388412562796472,0.446909360728748
"1674",0.581052537814855,0.532983187311791,0.505770917810966,0.536219790922767,0.280799115623387,0.30304871242357,0.270618448186399,0.208916899667087,0.206207299765971,0.194869129171149,0.251220960601539,0.203639800456048,0.165305309746243,0.15103312864485,0.0738088638731671,0.275735206385234,0.0629739688707354,0.056203928482322,0.078164843336707,0.179520478269727,0.167903615115394,0.0354951428536685,0.0420384394045317,0.149716566373953,0.174997708033385,0.0319841975092235,0.0625123939058844,0.0864127495369427,0.0939394718949189,0.0537972055028186,0.0434628348678771,0,0.0454135348426242,0.123389089091005,0.119233497538467,0.0697470232905375,0.167927672333922,0.171485824563708,0.192537984917719,0.120864514978731,0.233573063079585,0.297241224452041,0.387104777854256,0.423139440041086,0.145079327432322,0.166414679322283,0.119354764385339,0.193368455774653,0.18955306481464,0.171289143631503,0.165495433700524,0.159127405817936,0.139770285934524,0.145040697879373,0.394458149756958,0.113254188334786,0.138599436901727,0.161100815301316,0.348765813315475,0.40615890221202
"1675",0.598254542229005,0.552714530203237,0.52387502673244,0.55447878016726,0.303326221297124,0.327065638500893,0.300065350466984,0.243470824193252,0.246461018897674,0.236081630477421,0.276287526141178,0.223510946229635,0.19304195938842,0.196039892695424,0.112460144369949,0.315410001169002,0.0626082653612864,0.0658405828714024,0.0859463272152484,0.224806062783701,0.213206309314005,0.0801265888366976,0.0855373345141967,0.181056966496327,0.217396185647469,0.0423290043653511,0.0762315978282063,0.118836830125324,0.108775816826258,0.0843565995917619,0.072857447768396,0.0454135348426242,0,0.0779938763775101,0.155227490053678,0.0411736482918819,0.165271664668783,0.160775172359214,0.181681843898116,0.161690265829021,0.224433722122606,0.286451697330095,0.372641497230218,0.40177850477692,0.183797721931731,0.206713055161162,0.164043835181131,0.236929934493104,0.233702455159427,0.216009623898077,0.209513404772678,0.201751465943921,0.183335310670162,0.190110073262069,0.39599702112541,0.158629420138465,0.129443483834929,0.132570730394035,0.356008358101251,0.40970273478635
"1678",0.63191017230266,0.590898733808925,0.559850762145022,0.590313398058965,0.350435558237545,0.375609160246748,0.35678818370005,0.308084570376315,0.317897578663275,0.308769307144361,0.327766796680198,0.270340251218283,0.251322162129911,0.273379501105377,0.185371208168958,0.3875036844253,0.114619002868386,0.125171336230038,0.136997530023584,0.302494013023363,0.290927551344129,0.157623335350683,0.162970487352762,0.244000119835475,0.291631597840878,0.113549648573415,0.13801874879519,0.188567218877214,0.164733348054589,0.153999984331555,0.143429226816196,0.123389089091005,0.0779938763775101,0,0.224084531918283,0.0780866773812566,0.190621964802535,0.173938841793957,0.191476743625104,0.234999306132497,0.232492643723619,0.287129491330053,0.362805567266144,0.377929500766199,0.254528898482055,0.278719551831584,0.24110442105066,0.312398728873894,0.309897901417483,0.293592216143184,0.286540166917146,0.277617098849729,0.260087269144743,0.267961459448788,0.413184815735165,0.236623268799609,0.151284980236655,0.11595947904116,0.383483986347896,0.429772305260574
"168",0.476760300832712,0.425408734447519,0.40093973759283,0.430783560112831,0.174090889293475,0.193045977745312,0.154188641514118,0.0896958967100797,0.0943870363406847,0.0870982121139085,0.141469566534713,0.109507556248011,0.0582077254917557,0.0868464977340339,0.0458530101591948,0.270882228262169,0.111873345162885,0.0995964160524735,0.0948306549177092,0.11474820006776,0.106854662258175,0.0893546088119306,0.110465054399926,0.0364302766167811,0.0754808997327937,0.149725745055168,0.16952671060596,0.15667299840767,0.191466422749447,0.0710875048389632,0.0824495213057245,0.119233497538467,0.155227490053678,0.224084531918283,0,0.188379411982856,0.274218257636926,0.284028828076179,0.304400874975361,0.0281547080456418,0.342716779394535,0.406275478213347,0.498121763543288,0.539025400245278,0.0315358598286817,0.0568553539193392,0.0652938063744035,0.100067717951133,0.102503182338886,0.142010197230484,0.147612103017768,0.156499405326596,0.135799164540063,0.117917709981184,0.486316795613751,0.0920939835385077,0.25167079054495,0.280329531313633,0.432882483645395,0.494601217715651
"1680",0.639135565347174,0.593224959067057,0.56462209305369,0.59521591896574,0.343036335195398,0.366414968432208,0.337387437727,0.2778647297264,0.275830365740013,0.264253205477075,0.315226324095519,0.26363607345629,0.230761385625038,0.216055199941081,0.143381702113055,0.311042570561111,0.103734670980628,0.106080917043084,0.12684154481279,0.242664117954128,0.231037759365664,0.104051375952899,0.0985273961626489,0.217112762306109,0.243858536462867,0.0446570712987576,0.0604628797263208,0.112450851611228,0.0868594267084129,0.119556548013416,0.108097421932152,0.0697470232905375,0.0411736482918819,0.0780866773812566,0.188379411982856,0,0.127930607407143,0.120676427860138,0.1413561314134,0.190505682738932,0.184224323478906,0.245727988628135,0.331493840795016,0.3610528699943,0.214808206834428,0.236072406759034,0.185783198095265,0.26109772540075,0.256434271036242,0.225664810535194,0.21673326533857,0.205479910654797,0.189961441604025,0.202088342208928,0.358288368113684,0.174040339897441,0.0903866327403624,0.0932589723518289,0.32102096830235,0.372748985740712
"1685",0.747353449294924,0.697910615065871,0.671775629647469,0.70205890179952,0.445298106518858,0.466113714550659,0.428162259901903,0.360089596968526,0.341499701286253,0.327186995043091,0.414115780843041,0.370385111614369,0.327914268805996,0.261284925091765,0.230097220961012,0.268816157287246,0.223493529323973,0.221279747989717,0.243613530129967,0.277493813640189,0.26759643537561,0.186843807623443,0.163753251801846,0.309218657645751,0.303721668789851,0.13733671759643,0.106782730250477,0.125925805710672,0.0832751838712414,0.220316263460853,0.21096889354187,0.167927672333922,0.165271664668783,0.190621964802535,0.274218257636926,0.127930607407143,0,0.0298320241762686,0.0382973717153486,0.264013190206285,0.0688271574645405,0.132077284537808,0.224224988905547,0.270965137328218,0.291410101601035,0.30544843396166,0.241290336722164,0.312153228292091,0.303734983525565,0.239610088836438,0.225437513344973,0.206601435487363,0.203556271202807,0.227669265400959,0.230748487203918,0.215764191089298,0.0393827004788578,0.0974665324477432,0.193945948694353,0.244849594894917
"1686",0.75252000345511,0.704353471596845,0.677256742373545,0.707703211815897,0.451936619449976,0.473671084208655,0.438170752022605,0.371828374821193,0.35678641434626,0.342877073237505,0.421681945036166,0.375115939754437,0.335381830009895,0.279363697004951,0.238796928907522,0.297862685524024,0.22186590627965,0.221501288518349,0.24350588315388,0.297652335779697,0.287302313407875,0.195016619526458,0.174495605408829,0.317900381641009,0.319729542573216,0.139668723784606,0.114504574239799,0.143942496155129,0.0982733946942907,0.225122743983933,0.214942999321742,0.171485824563708,0.160775172359214,0.173938841793957,0.284028828076179,0.120676427860138,0.0298320241762686,0,0.0211536075106854,0.276515495716686,0.0636590897018955,0.126353301670031,0.215637788367923,0.255703056464529,0.303680710481731,0.31951690171405,0.257023025088743,0.329964043942181,0.322121085756533,0.262363497329826,0.248667877376095,0.230484398251929,0.225537144796171,0.248380097683069,0.240242443419788,0.233399044533455,0.0328880937335921,0.070926649848986,0.21012043085863,0.256167436393593
"1689",0.773588522419214,0.7253180336561,0.698299859545015,0.728736143140565,0.4728507625884,0.494482430892067,0.458583096186185,0.391841210768131,0.375752935628687,0.361691237473005,0.442479804805876,0.39617733049612,0.35616310271635,0.297156103797407,0.259328038468856,0.305195498049828,0.242941211845466,0.242647548383339,0.264639951809959,0.314420613629757,0.304306631077805,0.215579419856387,0.194522363532076,0.338494951167586,0.338410193332231,0.160759511414765,0.134922871442567,0.161502384796923,0.116726246034412,0.24612548654208,0.236000146999155,0.192537984917719,0.181681843898116,0.191476743625104,0.304400874975361,0.1413561314134,0.0382973717153486,0.0211536075106854,0,0.296268437759048,0.0428917214601804,0.105207129926866,0.194663340189344,0.236231751501002,0.323517971876364,0.33885852679361,0.275745081135603,0.347917447692566,0.339807248061884,0.277480449506838,0.263428041459002,0.244727839847151,0.241151076062073,0.264795044444716,0.221758038123974,0.251334324593044,0.0539589330595562,0.0825266075366743,0.194967942125088,0.238345406494453
"169",0.493726721469952,0.441072912100058,0.417996302879883,0.447435162172795,0.192584956827671,0.209403832653251,0.165934587330784,0.0961887322469046,0.0853424231106608,0.0743950121063166,0.159132358762168,0.134144394834953,0.0815683852152372,0.0589457295400069,0.0496524886463571,0.242954148656865,0.127535365728899,0.114199319957346,0.11415995682445,0.0876364348352245,0.0791884444334553,0.086909267018145,0.102269859356783,0.0589045386594616,0.0568437394144573,0.148662235888047,0.162831706682924,0.141730804521773,0.180738597752299,0.0815354661475673,0.0916275012368049,0.120864514978731,0.161690265829021,0.234999306132497,0.0281547080456418,0.190505682738932,0.264013190206285,0.276515495716686,0.296268437759048,0,0.332836804942363,0.395833959487009,0.488199185248062,0.532216450578518,0.027419294829981,0.0455676516517027,0.0382684366990634,0.0793725966269695,0.0796071412539774,0.113996597837272,0.120065876303269,0.129941144834877,0.109866487741904,0.0904603291422958,0.46938109778407,0.067161180127409,0.244936517503117,0.279870531786771,0.414324724601994,0.476728504121356
"1692",0.814386165553299,0.76552944961376,0.738949618054984,0.769318710060219,0.512916039890273,0.534093675539195,0.496780401858481,0.428896140689087,0.409997103551445,0.395591730857002,0.482073659395979,0.437043245469292,0.39577687663729,0.328880633333191,0.298254973154214,0.314601842670062,0.285415808560985,0.284750152616014,0.306850350277952,0.343691032279327,0.334178333420082,0.254744831024996,0.232293523609,0.377462287474289,0.372060980486955,0.202076718413475,0.174146894491644,0.194158602912359,0.15209829174717,0.286819650447952,0.276986744952425,0.233573063079585,0.224433722122606,0.232492643723619,0.342716779394535,0.184224323478906,0.0688271574645405,0.0636590897018955,0.0428917214601804,0.332836804942363,0,0.0638052471942664,0.155466157227908,0.20381766574629,0.360230562203491,0.374190993173345,0.309792370836859,0.379757789417553,0.371050592662808,0.303425846302871,0.288766019106692,0.269219537872693,0.268561950998475,0.293670778213161,0.181176961534909,0.283707009890347,0.095758307513365,0.119610452585196,0.160697386001058,0.198754096458521
"1693",0.878153768912312,0.829334460440509,0.802735325091282,0.833111418174327,0.576719519720328,0.597861016926859,0.560238686889806,0.491985510555085,0.471758677132235,0.457189975756939,0.54584290503387,0.50078453481633,0.459556298090037,0.389397734700906,0.361963504798258,0.355924124535581,0.348045058010821,0.347854120555112,0.369841582785253,0.402528398747823,0.393477998952396,0.318503593680017,0.295814830343387,0.441151218371752,0.433572479037734,0.265641475845417,0.237940931661081,0.255964061518817,0.215218720298131,0.350573779573669,0.340679656410095,0.297241224452041,0.286451697330095,0.287129491330053,0.406275478213347,0.245727988628135,0.132077284537808,0.126353301670031,0.105207129926866,0.395833959487009,0.0638052471942664,0,0.092564352408226,0.148562895209866,0.423249612040568,0.436581851019261,0.37168912043546,0.440158957951558,0.431097235441626,0.360135791535606,0.345161384483131,0.325198937702295,0.326656815460399,0.352550545975315,0.139014930183366,0.344807327850647,0.158994108788427,0.171301165998158,0.141147774185569,0.159591443756441
"1694",0.968068093525658,0.919979227729886,0.892862268933782,0.92332178205303,0.66750708194219,0.689038853224501,0.652225683273453,0.584307271067958,0.564311387361591,0.549728168922092,0.63702330324766,0.590701238910515,0.550698217043204,0.481743230448846,0.453478681082171,0.436433991582463,0.435005166491984,0.435885632269073,0.457518025504391,0.494286176730117,0.48542860837982,0.409847111377934,0.38773493181946,0.532701042832037,0.526102991760176,0.355235390668485,0.329138893668494,0.348528384161188,0.30748648915633,0.440760442612747,0.430550879978544,0.387104777854256,0.372641497230218,0.362805567266144,0.498121763543288,0.331493840795016,0.224224988905547,0.215637788367923,0.194663340189344,0.488199185248062,0.155466157227908,0.092564352408226,0,0.073132917437312,0.515606187325814,0.529124576491121,0.464252703881421,0.532446872597729,0.523279837937465,0.451003695522338,0.435919711614822,0.41582329743427,0.41823974550472,0.444395264884256,0.138832317204099,0.437296473575984,0.248524502457501,0.248249648120622,0.177606493614659,0.159763942481042
"1697",1,0.954243109415981,0.925642837430768,0.95624286093507,0.703291510707015,0.726025916929508,0.692838801916431,0.627371020470914,0.611930027365958,0.597793696537863,0.674304556540776,0.624482186011165,0.588432092292099,0.53221979733299,0.493434866479694,0.502917640963825,0.464222458069189,0.46712833495298,0.487724743710625,0.547505210497744,0.537949016837758,0.449701333546513,0.430123154431574,0.572070433621007,0.574432766284808,0.391255432019177,0.369832415739596,0.396857263199474,0.352875384245994,0.476784520402778,0.465916027705841,0.423139440041086,0.40177850477692,0.377929500766199,0.539025400245278,0.3610528699943,0.270965137328218,0.255703056464529,0.236231751501002,0.532216450578518,0.20381766574629,0.148562895209866,0.073132917437312,0,0.559360065587213,0.575075501055558,0.511834181581949,0.583097546618649,0.574580348326368,0.506822440510677,0.492021499896438,0.472262508002307,0.472312923375989,0.497487642464344,0.209690494764068,0.486726153940507,0.28752095161144,0.270438571964099,0.250733736169277,0.229826297045331
"170",0.467649650493332,0.414579811691788,0.392005797214814,0.42126905458762,0.167781533656396,0.183497351607772,0.138858165587547,0.0687727475466832,0.0633815745037804,0.0555627217439049,0.134114709859083,0.115705191557462,0.0635571723974501,0.0697958052793643,0.0716455466165359,0.257190062348105,0.143188854839189,0.130681409203393,0.126355053257492,0.0931443764177944,0.0875178953655372,0.112342341664854,0.129264507692729,0.0423987749700878,0.0456140237385646,0.174048096610407,0.189747740934842,0.169003471956497,0.208134593670376,0.100699684675339,0.111709364130731,0.145079327432322,0.183797721931731,0.254528898482055,0.0315358598286817,0.214808206834428,0.291410101601035,0.303680710481731,0.323517971876364,0.027419294829981,0.360230562203491,0.423249612040568,0.515606187325814,0.559360065587213,0,0.0253556156452005,0.0602343667484822,0.0706162376125285,0.0746860743420228,0.128887808622425,0.137335239968989,0.14974990604058,0.131119414463303,0.108697484978916,0.495946097741303,0.0907224273534947,0.271965363304524,0.30532967236191,0.440352895788964,0.502981468354887
"171",0.463549148453108,0.409211553604576,0.388340100360968,0.416990702770617,0.168721997464948,0.181322578016122,0.132595909091818,0.0610097001842931,0.0398250451410644,0.0303477061464109,0.135223190552728,0.127846257177493,0.078821850801258,0.0627339554138448,0.0942637727814416,0.246832219161469,0.16821067371415,0.155527665886582,0.151685996595012,0.0790102246064129,0.0762263121172628,0.132407796616201,0.14634705231998,0.0611906049082812,0.0235045687005574,0.194103133155438,0.206813883410656,0.180779411387731,0.22245847952685,0.124719533675257,0.135446009598857,0.166414679322283,0.206713055161162,0.278719551831584,0.0568553539193392,0.236072406759034,0.30544843396166,0.31951690171405,0.33885852679361,0.0455676516517027,0.374190993173345,0.436581851019261,0.529124576491121,0.575075501055558,0.0253556156452005,0,0.0658899113712867,0.0478206918616744,0.0540046494288183,0.121479674495013,0.13216159252274,0.147198282979843,0.130976810366115,0.105783521150453,0.503279482958213,0.0956198628564285,0.288446414004096,0.325209351571298,0.446141983986298,0.509302672545751
"177",0.527148490212198,0.473541977192318,0.451621200946872,0.480686686532217,0.228010963003315,0.243337623882045,0.197000043668399,0.125478983886291,0.10021280095359,0.0859593260766246,0.194333508996678,0.172322134664049,0.119668713818626,0.0325991965037029,0.0642546733535406,0.205979291657621,0.143934715154009,0.130107503703963,0.136044216016573,0.0629249644017883,0.0519786956256634,0.0839847146589066,0.0888931119232358,0.0970313110483189,0.0627066217748163,0.141488361809682,0.147213484680209,0.115737453190675,0.15901902371269,0.0958498564284418,0.103032944747583,0.119354764385339,0.164043835181131,0.24110442105066,0.0652938063744035,0.185783198095265,0.241290336722164,0.257023025088743,0.275745081135603,0.0382684366990634,0.309792370836859,0.37168912043546,0.464252703881421,0.511834181581949,0.0602343667484822,0.0658899113712867,0,0.0758106083881988,0.0706509972297339,0.0776672405289607,0.082364095133715,0.0916722767732661,0.0717559656922494,0.0526550057969151,0.437770384888166,0.0306010430925017,0.226943510459019,0.26954337999203,0.381235974322215,0.444171466300092
"187",0.485131416971249,0.429043695161143,0.411211779201033,0.438609244200551,0.201945634788089,0.21001985963654,0.157515893849443,0.0921677190639632,0.0441545993807533,0.0314575216261972,0.169892903194151,0.172559115050222,0.125851112966861,0.0508835856880498,0.127777080625113,0.210361482588891,0.206889546434812,0.193493951453587,0.193083969527603,0.0456579273466219,0.0499920514805022,0.157903937041549,0.164703739284677,0.109002686356378,0.0250158934515763,0.217048642018396,0.222486144654544,0.186440355651295,0.231701675325571,0.160358163221414,0.169871396844505,0.193368455774653,0.236929934493104,0.312398728873894,0.100067717951133,0.26109772540075,0.312153228292091,0.329964043942181,0.347917447692566,0.0793725966269695,0.379757789417553,0.440158957951558,0.532446872597729,0.583097546618649,0.0706162376125285,0.0478206918616744,0.0758106083881988,0,0.0111927645200368,0.0952456902858631,0.109080548815871,0.127728179988705,0.117485734043959,0.0902595239954988,0.49407217070635,0.0965933646154944,0.300858034397026,0.345286812116959,0.434413635204712,0.498113955742607
"189",0.496321561526453,0.440235766822565,0.422385069996236,0.449797869553203,0.212432799210443,0.220888498784996,0.168514395922751,0.102414045358603,0.0551900686227939,0.0419650313535128,0.180157629774515,0.180758930136432,0.13279122266589,0.0428063541109626,0.126483692102139,0.199717547070559,0.206448577625215,0.192882210715501,0.193766958970675,0.034482103887329,0.0393363236443527,0.15406447170362,0.159162407575207,0.114835057952739,0.0305015366321055,0.212110679178366,0.21596376969091,0.178318692608758,0.223945243964413,0.159256741448483,0.168305157939123,0.18955306481464,0.233702455159427,0.309897901417483,0.102503182338886,0.256434271036242,0.303734983525565,0.322121085756533,0.339807248061884,0.0796071412539774,0.371050592662808,0.431097235441626,0.523279837937465,0.574580348326368,0.0746860743420228,0.0540046494288183,0.0706509972297339,0.0111927645200368,0,0.0841271383373714,0.098068815696355,0.116877635422889,0.107244637590904,0.0800829091629068,0.483550538586846,0.0888304859127746,0.293427580463708,0.339253124629918,0.423719781854348,0.487435344504464
"195",0.5797009215038,0.523925748713593,0.505365415108293,0.53313187807101,0.289942693377127,0.301132506152054,0.250072039294863,0.180465889855097,0.138081041738795,0.12357489340059,0.256586611823292,0.244587615397485,0.192220828393431,0.0594659205043889,0.137693330409019,0.129010779446689,0.212186466953383,0.198701817073556,0.20869906143521,0.049747409188431,0.0466842365404928,0.140705036561975,0.130622046910257,0.170216260085795,0.103567336482484,0.182294203648324,0.172199766020201,0.122995785675728,0.168578732082887,0.165759873084407,0.170124193476699,0.171289143631503,0.216009623898077,0.293592216143184,0.142010197230484,0.225664810535194,0.239610088836438,0.262363497329826,0.277480449506838,0.113996597837272,0.303425846302871,0.360135791535606,0.451003695522338,0.506822440510677,0.128887808622425,0.121479674495013,0.0776672405289607,0.0952456902858631,0.0841271383373714,0,0.0152262111253688,0.0354428075044001,0.0375847042095682,0.0276691883297855,0.402080766092146,0.0615831374898476,0.237900711653444,0.293869742900441,0.341301512315219,0.405040227128126
"196",0.592559894628611,0.537025917307444,0.518006039401587,0.545973534885823,0.300883589976305,0.312851170335679,0.262345031653025,0.192064750275219,0.151223514566394,0.136496037202606,0.267363255078241,0.252670593324087,0.200042441951239,0.0694512435051729,0.138524318604989,0.124002886451096,0.209996025661391,0.19677388093852,0.208237688550706,0.0640114614536338,0.0595847668645663,0.136745532633743,0.124001441533291,0.177706926210955,0.115619461021841,0.174124933017328,0.161650531222985,0.111156790152243,0.156057626590746,0.164740851677865,0.16811864456051,0.165495433700524,0.209513404772678,0.286540166917146,0.147612103017768,0.21673326533857,0.225437513344973,0.248667877376095,0.263428041459002,0.120065876303269,0.288766019106692,0.345161384483131,0.435919711614822,0.492021499896438,0.137335239968989,0.13216159252274,0.082364095133715,0.109080548815871,0.098068815696355,0.0152262111253688,0,0.0202207176370018,0.0267725236285413,0.0297102179245371,0.387087431324239,0.0610812452338688,0.224874011649606,0.282081134271524,0.326471142766226,0.390214106947997
"197",0.609476886456062,0.554279383749584,0.534661371329958,0.562882719385217,0.315550629255459,0.328479921951978,0.278748175471155,0.207824116519212,0.168941666598905,0.154022167322818,0.281894132899863,0.263878627810373,0.211179441396545,0.0847861289493946,0.141558645283904,0.120664617304533,0.208152501740632,0.195398153114888,0.208721905308529,0.0833272247916903,0.0777940953877059,0.133383383667191,0.117101490335654,0.188592976627883,0.132316962716461,0.164268107121352,0.148400950598898,0.0964429244185264,0.139857705603182,0.164936440333006,0.166947381830903,0.159127405817936,0.201751465943921,0.277617098849729,0.156499405326596,0.205479910654797,0.206601435487363,0.230484398251929,0.244727839847151,0.129941144834877,0.269219537872693,0.325198937702295,0.41582329743427,0.472262508002307,0.14974990604058,0.147198282979843,0.0916722767732661,0.127728179988705,0.116877635422889,0.0354428075044001,0.0202207176370018,0,0.0219615503387044,0.0414803999110171,0.367332137783844,0.0654984736208547,0.207686604802651,0.266546263709599,0.306999452494861,0.37073684944777
"198",0.594426185211843,0.539769924652586,0.519294162090987,0.547850993679424,0.298171028751808,0.312085956021372,0.263426787405411,0.191971810023454,0.156239379745024,0.141135437392542,0.264457046850512,0.244010235296477,0.191397189185119,0.0702351300575252,0.119604298189938,0.142505520328924,0.186897179011191,0.174000991817542,0.186952483295386,0.0761698546082638,0.0681264044672733,0.112517009036366,0.0979776370184373,0.168744750764529,0.118399943019152,0.147442775367411,0.13513429243476,0.085416676808682,0.131046428991301,0.14317745303823,0.14546545929297,0.139770285934524,0.183335310670162,0.260087269144743,0.135799164540063,0.189961441604025,0.203556271202807,0.225537144796171,0.241151076062073,0.109866487741904,0.268561950998475,0.326656815460399,0.41823974550472,0.472312923375989,0.131119414463303,0.130976810366115,0.0717559656922494,0.117485734043959,0.107244637590904,0.0375847042095682,0.0267725236285413,0.0219615503387044,0,0.0272361592028504,0.37679089766709,0.0440468991450728,0.200531580908101,0.256324805977676,0.317728428279342,0.381317856175169
"199",0.568581098339595,0.513638152012559,0.493625388902561,0.521990961684899,0.274070441331881,0.287100430140778,0.237677414870161,0.166538694955128,0.12929201626567,0.114216951671557,0.240416403657221,0.22356157820928,0.170873421898813,0.0437468828791988,0.110343566256037,0.153545695387354,0.184547218066768,0.171045671053378,0.181107337542766,0.0500341659780058,0.0411761643250201,0.113585625040076,0.10525783978025,0.148429688531314,0.0917883395397335,0.158056236484361,0.151319018302557,0.10546414382673,0.151866195657671,0.138100005974158,0.142481469424717,0.145040697879373,0.190110073262069,0.267961459448788,0.117917709981184,0.202088342208928,0.227669265400959,0.248380097683069,0.264795044444716,0.0904603291422958,0.293670778213161,0.352550545975315,0.444395264884256,0.497487642464344,0.108697484978916,0.105783521150453,0.0526550057969151,0.0902595239954988,0.0800829091629068,0.0276691883297855,0.0297102179245371,0.0414803999110171,0.0272361592028504,0,0.404002866165534,0.0339245211908301,0.221921914745387,0.274589013663802,0.344805120763691,0.408426776942891
"2",0.962829822748762,0.910451286970424,0.887028126245135,0.916661239359557,0.66039915000171,0.678572602269082,0.634537437265533,0.563209207552048,0.532595210120997,0.517475881397925,0.627548617079818,0.590754380982923,0.543627686060654,0.446441177808093,0.446653773139652,0.350597390923991,0.453101401266721,0.449699003130062,0.472034017272174,0.450601914227876,0.44421404742118,0.40649829720754,0.380226759825148,0.522705747464951,0.49424734043371,0.365743321445328,0.331946189151697,0.329755878349702,0.301632190532854,0.443841664583272,0.435838664799628,0.394458149756958,0.39599702112541,0.413184815735165,0.486316795613751,0.358288368113684,0.230748487203918,0.240242443419788,0.221758038123974,0.46938109778407,0.181176961534909,0.139014930183366,0.138832317204099,0.209690494764068,0.495946097741303,0.503279482958213,0.437770384888166,0.49407217070635,0.483550538586846,0.402080766092146,0.387087431324239,0.367332137783844,0.37679089766709,0.404002866165534,0,0.407664342234317,0.268040670452637,0.300650237831807,0.063715182676259,0.0218431129836683
"200",0.557724694555177,0.504035072576886,0.482211224547251,0.511253988509689,0.258491854666489,0.27393825354594,0.227425619067519,0.155821560883978,0.127454590867814,0.112644446427214,0.224835405149718,0.200978021948949,0.148595883704429,0.0460243881364734,0.0774606152050457,0.184376802979714,0.150626017231188,0.137121514913367,0.147471257553838,0.0689091514008994,0.0573991989718031,0.080484908245092,0.0756269480427906,0.125943333152028,0.0889698905088025,0.129447194252267,0.128227776512376,0.0899030155435988,0.135163451620133,0.104272430127712,0.108559425634725,0.113254188334786,0.158629420138465,0.236623268799609,0.0920939835385077,0.174040339897441,0.215764191089298,0.233399044533455,0.251334324593044,0.067161180127409,0.283707009890347,0.344807327850647,0.437296473575984,0.486726153940507,0.0907224273534947,0.0956198628564285,0.0306010430925017,0.0965933646154944,0.0888304859127746,0.0615831374898476,0.0610812452338688,0.0654984736208547,0.0440468991450728,0.0339245211908301,0.407664342234317,0,0.204603484139008,0.252080725169994,0.350807053655341,0.413832379582572
"201",0.719640386766206,0.671473891047994,0.644370077625831,0.674815393759064,0.419077753920772,0.440871132511895,0.40572729238998,0.339853184671025,0.326190701029552,0.312509995317618,0.388893418612981,0.342233136776252,0.302611111366732,0.250622605635638,0.206282865064771,0.285587152754527,0.189773064367673,0.188996928164213,0.21109273591008,0.27042101105716,0.259743329829224,0.162492798843611,0.142702563656649,0.285295925282163,0.289584777242286,0.106800673823343,0.0823113784735608,0.116509863725772,0.0700910036817973,0.192237101169486,0.182058169420287,0.138599436901727,0.129443483834929,0.151284980236655,0.25167079054495,0.0903866327403624,0.0393827004788578,0.0328880937335921,0.0539589330595562,0.244936517503117,0.095758307513365,0.158994108788427,0.248524502457501,0.28752095161144,0.271965363304524,0.288446414004096,0.226943510459019,0.300858034397026,0.293427580463708,0.237900711653444,0.224874011649606,0.207686604802651,0.200531580908101,0.221921914745387,0.268040670452637,0.204603484139008,0,0.0672814247379122,0.233140704612046,0.282874823357538
"202",0.729932634528922,0.685056818412097,0.655895340289067,0.686508376418207,0.435846243911334,0.459436232211296,0.430563863988756,0.370017489275872,0.364570814243752,0.352110781110859,0.408385472656006,0.356080332817585,0.324014771672022,0.297103154440684,0.234753900769564,0.351795643946287,0.194414954532409,0.198402687644586,0.218200841745615,0.320483961685144,0.309208161735367,0.193061743471017,0.180779564589372,0.310082678181623,0.330501517422487,0.131290870940622,0.123907591091922,0.170960231781397,0.126867980423294,0.212620701838619,0.201222277493306,0.161100815301316,0.132570730394035,0.11595947904116,0.280329531313633,0.0932589723518289,0.0974665324477432,0.070926649848986,0.0825266075366743,0.279870531786771,0.119610452585196,0.171301165998158,0.248249648120622,0.270438571964099,0.30532967236191,0.325209351571298,0.26954337999203,0.345286812116959,0.339253124629918,0.293869742900441,0.282081134271524,0.266546263709599,0.256324805977676,0.274589013663802,0.300650237831807,0.252080725169994,0.0672814247379122,0,0.277354937400228,0.31836290326414
"3",0.907982914230116,0.854753968180381,0.83229261367419,0.861620903984528,0.606501490250271,0.623704546611367,0.578224394806784,0.506626679687256,0.473947526184605,0.458834314293325,0.573284927183821,0.539398183855852,0.490778508099494,0.387816552040578,0.395248961361302,0.286933494163286,0.409637643569695,0.404821558331054,0.426924109299011,0.390314251811409,0.384434030971053,0.356978751558653,0.330064306037145,0.469301418644118,0.435881331690814,0.322072971317049,0.28683898715086,0.277605059189406,0.25484047018578,0.395531594149039,0.388412562796472,0.348765813315475,0.356008358101251,0.383483986347896,0.432882483645395,0.32102096830235,0.193945948694353,0.21012043085863,0.194967942125088,0.414324724601994,0.160697386001058,0.141147774185569,0.177606493614659,0.250733736169277,0.440352895788964,0.446141983986298,0.381235974322215,0.434413635204712,0.423719781854348,0.341301512315219,0.326471142766226,0.306999452494861,0.317728428279342,0.344805120763691,0.063715182676259,0.350807053655341,0.233140704612046,0.277354937400228,0,0.0637428552704001
"out",0.970452680101844,0.917533278316516,0.894706784222884,0.924158487657733,0.66851295844935,0.686124058389488,0.641162946466059,0.569633405592968,0.53749910299898,0.522381630015482,0.635440309483452,0.600184100444791,0.552264251942877,0.451342683636946,0.455951649098854,0.346760207293514,0.465720492705302,0.46179324590961,0.484068139559141,0.454054348068711,0.448140753024787,0.416630292489677,0.390029841058472,0.531030498989925,0.499364887269816,0.378141086290743,0.343740286455028,0.338527741294769,0.312697666991746,0.454550776095025,0.446909360728748,0.40615890221202,0.40970273478635,0.429772305260574,0.494601217715651,0.372748985740712,0.244849594894917,0.256167436393593,0.238345406494453,0.476728504121356,0.198754096458521,0.159591443756441,0.159763942481042,0.229826297045331,0.502981468354887,0.509302672545751,0.444171466300092,0.498113955742607,0.487435344504464,0.405040227128126,0.390214106947997,0.37073684944777,0.381317856175169,0.408426776942891,0.0218431129836683,0.413832379582572,0.282874823357538,0.31836290326414,0.0637428552704001,0
